version	mode	job_id	nodes	ntasks_alloc	ntasks_per_node	species	np	rep	status	exit_code	t_phase3_s	t_phase4_s	t_total_program_s	elapsed_seconds	mem_per_node	nodelist	log_file	output_file
pipeline_runlen_commopt	node-scaling	8110815	8	32	4	10	32	1	OK	0	19.1058	30.2719	52.1401	56	32768	ilk-[101-103,115,118,121,131,136]	logs_phase4_nodes_64g/pipeline_runlen_commopt_nodes8_10sp_np32_rep1_8110815.log	results_phase4_nodes_64g/DMat_pipeline_runlen_commopt_nodes8_10sp_np32_rep1_8110815
pipeline_runlen_commopt	node-scaling	8110815	8	32	4	10	32	2	OK	0	19.1865	29.904	51.7908	55	32768	ilk-[101-103,115,118,121,131,136]	logs_phase4_nodes_64g/pipeline_runlen_commopt_nodes8_10sp_np32_rep2_8110815.log	results_phase4_nodes_64g/DMat_pipeline_runlen_commopt_nodes8_10sp_np32_rep2_8110815
pipeline_runlen_commopt	node-scaling	8110815	8	32	4	10	32	3	OK	0	19.0643	29.7527	51.5303	54	32768	ilk-[101-103,115,118,121,131,136]	logs_phase4_nodes_64g/pipeline_runlen_commopt_nodes8_10sp_np32_rep3_8110815.log	results_phase4_nodes_64g/DMat_pipeline_runlen_commopt_nodes8_10sp_np32_rep3_8110815
pipeline_runlen_commopt	node-scaling	8110815	8	32	4	10	32	4	OK	0	19.1385	30.1835	52.0158	56	32768	ilk-[101-103,115,118,121,131,136]	logs_phase4_nodes_64g/pipeline_runlen_commopt_nodes8_10sp_np32_rep4_8110815.log	results_phase4_nodes_64g/DMat_pipeline_runlen_commopt_nodes8_10sp_np32_rep4_8110815
pipeline_runlen_commopt	node-scaling	8110815	8	32	4	10	32	5	OK	0	19.1157	29.8535	51.6441	54	32768	ilk-[101-103,115,118,121,131,136]	logs_phase4_nodes_64g/pipeline_runlen_commopt_nodes8_10sp_np32_rep5_8110815.log	results_phase4_nodes_64g/DMat_pipeline_runlen_commopt_nodes8_10sp_np32_rep5_8110815
pipeline_runlen_commopt	node-scaling	8110815	8	32	4	20	32	1	OK	0	69.836	159.632	235.905	239	32768	ilk-[101-103,115,118,121,131,136]	logs_phase4_nodes_64g/pipeline_runlen_commopt_nodes8_20sp_np32_rep1_8110815.log	results_phase4_nodes_64g/DMat_pipeline_runlen_commopt_nodes8_20sp_np32_rep1_8110815
pipeline_runlen_commopt	node-scaling	8110815	8	32	4	20	32	2	OK	0	69.597	166.641	242.573	246	32768	ilk-[101-103,115,118,121,131,136]	logs_phase4_nodes_64g/pipeline_runlen_commopt_nodes8_20sp_np32_rep2_8110815.log	results_phase4_nodes_64g/DMat_pipeline_runlen_commopt_nodes8_20sp_np32_rep2_8110815
pipeline_runlen_commopt	node-scaling	8110815	8	32	4	20	32	3	OK	0	69.6033	171.274	247.224	250	32768	ilk-[101-103,115,118,121,131,136]	logs_phase4_nodes_64g/pipeline_runlen_commopt_nodes8_20sp_np32_rep3_8110815.log	results_phase4_nodes_64g/DMat_pipeline_runlen_commopt_nodes8_20sp_np32_rep3_8110815
pipeline_runlen_commopt	node-scaling	8110815	8	32	4	20	32	4	OK	0	69.3242	163.993	239.703	245	32768	ilk-[101-103,115,118,121,131,136]	logs_phase4_nodes_64g/pipeline_runlen_commopt_nodes8_20sp_np32_rep4_8110815.log	results_phase4_nodes_64g/DMat_pipeline_runlen_commopt_nodes8_20sp_np32_rep4_8110815
pipeline_runlen_commopt	node-scaling	8110815	8	32	4	20	32	5	OK	0	69.8346	163.541	239.721	243	32768	ilk-[101-103,115,118,121,131,136]	logs_phase4_nodes_64g/pipeline_runlen_commopt_nodes8_20sp_np32_rep5_8110815.log	results_phase4_nodes_64g/DMat_pipeline_runlen_commopt_nodes8_20sp_np32_rep5_8110815
pipeline_runlen_commopt	node-scaling	8110815	8	32	4	30	32	1	OK	0	69.5352	339.607	417.78	422	32768	ilk-[101-103,115,118,121,131,136]	logs_phase4_nodes_64g/pipeline_runlen_commopt_nodes8_30sp_np32_rep1_8110815.log	results_phase4_nodes_64g/DMat_pipeline_runlen_commopt_nodes8_30sp_np32_rep1_8110815
pipeline_runlen_commopt	node-scaling	8110815	8	32	4	30	32	2	OK	0	69.4807	344.02	422.066	427	32768	ilk-[101-103,115,118,121,131,136]	logs_phase4_nodes_64g/pipeline_runlen_commopt_nodes8_30sp_np32_rep2_8110815.log	results_phase4_nodes_64g/DMat_pipeline_runlen_commopt_nodes8_30sp_np32_rep2_8110815
pipeline_runlen_commopt	node-scaling	8110815	8	32	4	30	32	3	OK	0	69.5893	338.043	416.233	419	32768	ilk-[101-103,115,118,121,131,136]	logs_phase4_nodes_64g/pipeline_runlen_commopt_nodes8_30sp_np32_rep3_8110815.log	results_phase4_nodes_64g/DMat_pipeline_runlen_commopt_nodes8_30sp_np32_rep3_8110815
pipeline_runlen_commopt	node-scaling	8110815	8	32	4	30	32	4	OK	0	69.5051	343.886	421.913	425	32768	ilk-[101-103,115,118,121,131,136]	logs_phase4_nodes_64g/pipeline_runlen_commopt_nodes8_30sp_np32_rep4_8110815.log	results_phase4_nodes_64g/DMat_pipeline_runlen_commopt_nodes8_30sp_np32_rep4_8110815
pipeline_runlen_commopt	node-scaling	8110815	8	32	4	30	32	5	OK	0	69.7155	346.102	424.322	428	32768	ilk-[101-103,115,118,121,131,136]	logs_phase4_nodes_64g/pipeline_runlen_commopt_nodes8_30sp_np32_rep5_8110815.log	results_phase4_nodes_64g/DMat_pipeline_runlen_commopt_nodes8_30sp_np32_rep5_8110815
pipeline_runlen_commopt	node-scaling	8110815	8	32	4	50	32	1	OK	0	69.7543	977.485	1062.84	1067	32768	ilk-[101-103,115,118,121,131,136]	logs_phase4_nodes_64g/pipeline_runlen_commopt_nodes8_50sp_np32_rep1_8110815.log	results_phase4_nodes_64g/DMat_pipeline_runlen_commopt_nodes8_50sp_np32_rep1_8110815
pipeline_runlen_commopt	node-scaling	8110815	8	32	4	50	32	2	OK	0	70.3836	980.529	1065.75	1069	32768	ilk-[101-103,115,118,121,131,136]	logs_phase4_nodes_64g/pipeline_runlen_commopt_nodes8_50sp_np32_rep2_8110815.log	results_phase4_nodes_64g/DMat_pipeline_runlen_commopt_nodes8_50sp_np32_rep2_8110815
pipeline_runlen_commopt	node-scaling	8110815	8	32	4	50	32	3	OK	0	74.6753	1024.06	1114.18	1117	32768	ilk-[101-103,115,118,121,131,136]	logs_phase4_nodes_64g/pipeline_runlen_commopt_nodes8_50sp_np32_rep3_8110815.log	results_phase4_nodes_64g/DMat_pipeline_runlen_commopt_nodes8_50sp_np32_rep3_8110815
pipeline_runlen_commopt	node-scaling	8110815	8	32	4	50	32	4	OK	0	77.3232	886.707	979.382	983	32768	ilk-[101-103,115,118,121,131,136]	logs_phase4_nodes_64g/pipeline_runlen_commopt_nodes8_50sp_np32_rep4_8110815.log	results_phase4_nodes_64g/DMat_pipeline_runlen_commopt_nodes8_50sp_np32_rep4_8110815
pipeline_runlen_commopt	node-scaling	8110815	8	32	4	50	32	5	OK	0	76.0143	943.192	1034.59	1037	32768	ilk-[101-103,115,118,121,131,136]	logs_phase4_nodes_64g/pipeline_runlen_commopt_nodes8_50sp_np32_rep5_8110815.log	results_phase4_nodes_64g/DMat_pipeline_runlen_commopt_nodes8_50sp_np32_rep5_8110815
pipeline_runlen_commopt	node-scaling	8110815	8	32	4	55	32	1	OK	0	74.7974	1061.6	1153.35	1158	32768	ilk-[101-103,115,118,121,131,136]	logs_phase4_nodes_64g/pipeline_runlen_commopt_nodes8_55sp_np32_rep1_8110815.log	results_phase4_nodes_64g/DMat_pipeline_runlen_commopt_nodes8_55sp_np32_rep1_8110815
pipeline_runlen_commopt	node-scaling	8110815	8	32	4	55	32	2	OK	0	77.1754	1104.96	1199	1202	32768	ilk-[101-103,115,118,121,131,136]	logs_phase4_nodes_64g/pipeline_runlen_commopt_nodes8_55sp_np32_rep2_8110815.log	results_phase4_nodes_64g/DMat_pipeline_runlen_commopt_nodes8_55sp_np32_rep2_8110815
pipeline_runlen_commopt	node-scaling	8110815	8	32	4	55	32	3	OK	0	74.5887	1033.53	1124.93	1128	32768	ilk-[101-103,115,118,121,131,136]	logs_phase4_nodes_64g/pipeline_runlen_commopt_nodes8_55sp_np32_rep3_8110815.log	results_phase4_nodes_64g/DMat_pipeline_runlen_commopt_nodes8_55sp_np32_rep3_8110815
pipeline_runlen_commopt	node-scaling	8110815	8	32	4	55	32	4	OK	0	74.9603	1030.12	1121.85	1125	32768	ilk-[101-103,115,118,121,131,136]	logs_phase4_nodes_64g/pipeline_runlen_commopt_nodes8_55sp_np32_rep4_8110815.log	results_phase4_nodes_64g/DMat_pipeline_runlen_commopt_nodes8_55sp_np32_rep4_8110815
pipeline_runlen_commopt	node-scaling	8110815	8	32	4	55	32	5	OK	0	75.8086	1109.71	1202.37	1206	32768	ilk-[101-103,115,118,121,131,136]	logs_phase4_nodes_64g/pipeline_runlen_commopt_nodes8_55sp_np32_rep5_8110815.log	results_phase4_nodes_64g/DMat_pipeline_runlen_commopt_nodes8_55sp_np32_rep5_8110815
